pop1,pop2,chromosome,window_pos_1,window_pos_2,avg_wc_fst,no_snps
bv,uv,NC_087088_1,1,500000,0.014435161,2333
bv,uv,NC_087088_1,500001,1000000,-0.001644723,8555
bv,uv,NC_087088_1,1000001,1500000,-0.002153622,11344
bv,uv,NC_087088_1,1500001,2000000,0.000648888,10748
bv,uv,NC_087088_1,2000001,2500000,-0.001442586,14841
bv,uv,NC_087088_1,2500001,3000000,0.005189411,10493
bv,uv,NC_087088_1,3000001,3500000,0.005591256,11093
bv,uv,NC_087088_1,3500001,4000000,-0.002184705,15030
bv,uv,NC_087088_1,4000001,4500000,-0.0057787,9430
bv,uv,NC_087088_1,4500001,5000000,0.020695237,16857
bv,uv,NC_087088_1,5000001,5500000,0.021978013,11632
bv,uv,NC_087088_1,5500001,6000000,0.008512664,13124
bv,uv,NC_087088_1,6000001,6500000,2.50E-05,11741
bv,uv,NC_087088_1,6500001,7000000,0.00391803,13013
bv,uv,NC_087088_1,7000001,7500000,0.009096641,12612
bv,uv,NC_087088_1,7500001,8000000,0.026037452,7992
bv,uv,NC_087088_1,8000001,8500000,-0.002827054,11411
bv,uv,NC_087088_1,8500001,9000000,0.008750441,11895
bv,uv,NC_087088_1,9000001,9500000,0.011222637,9174
bv,uv,NC_087088_1,9500001,10000000,0.010413105,7771
bv,uv,NC_087088_1,10000001,10500000,0.002351817,11626
bv,uv,NC_087088_1,10500001,11000000,0.011895585,10425
bv,uv,NC_087088_1,11000001,11500000,0.007955585,11013
bv,uv,NC_087088_1,11500001,12000000,0.019936255,14329
bv,uv,NC_087088_1,12000001,12500000,-0.005678265,12432
bv,uv,NC_087088_1,12500001,13000000,0.001719279,11056
bv,uv,NC_087088_1,13000001,13500000,0.00261204,10145
bv,uv,NC_087088_1,13500001,14000000,0.006708947,12961
bv,uv,NC_087088_1,14000001,14500000,0.00711239,7973
bv,uv,NC_087088_1,14500001,15000000,0.017369356,11071
bv,uv,NC_087088_1,15000001,15500000,0.012986372,15161
bv,uv,NC_087088_1,15500001,16000000,0.004337577,7998
bv,uv,NC_087088_1,16000001,16500000,0.010130029,7423
bv,uv,NC_087088_1,16500001,17000000,0.010755821,6045
bv,uv,NC_087088_1,17000001,17500000,-0.003758228,13037
bv,uv,NC_087088_1,17500001,18000000,-0.001371354,9763
bv,uv,NC_087088_1,18000001,18500000,0.000779531,8043
bv,uv,NC_087088_1,18500001,19000000,0.015803502,5141
bv,uv,NC_087088_1,19000001,19500000,0.006777121,9221
bv,uv,NC_087088_1,19500001,20000000,0.015571438,2415
bv,uv,NC_087089_1,1,500000,0.014109939,8726
bv,uv,NC_087089_1,500001,1000000,0.007083756,19841
bv,uv,NC_087089_1,1000001,1500000,0.006747772,6029
bv,uv,NC_087089_1,1500001,2000000,0.004674493,8662
bv,uv,NC_087089_1,2000001,2500000,0.000715181,10484
bv,uv,NC_087089_1,2500001,3000000,0.007071168,13655
bv,uv,NC_087089_1,3000001,3500000,0.021380726,7858
bv,uv,NC_087089_1,3500001,4000000,0.008456242,11451
bv,uv,NC_087089_1,4000001,4500000,0.001515758,16704
bv,uv,NC_087089_1,4500001,5000000,0.00914284,11611
bv,uv,NC_087089_1,5000001,5500000,0.002962785,12631
bv,uv,NC_087089_1,5500001,6000000,0.00619499,11678
bv,uv,NC_087089_1,6000001,6500000,0.002453683,10887
bv,uv,NC_087089_1,6500001,7000000,0.011295082,11391
bv,uv,NC_087089_1,7000001,7500000,0.003544418,14238
bv,uv,NC_087089_1,7500001,8000000,0.001378147,11689
bv,uv,NC_087089_1,8000001,8500000,0.009333695,10850
bv,uv,NC_087089_1,8500001,9000000,0.017182643,9633
bv,uv,NC_087089_1,9000001,9500000,0.01556142,8065
bv,uv,NC_087089_1,9500001,10000000,0.005332333,10152
bv,uv,NC_087089_1,10000001,10500000,0.006649265,12576
bv,uv,NC_087089_1,10500001,11000000,0.010359548,7301
bv,uv,NC_087089_1,11000001,11500000,0.002492959,12182
bv,uv,NC_087089_1,11500001,12000000,-0.000138411,8103
bv,uv,NC_087089_1,12000001,12500000,0.007993365,14679
bv,uv,NC_087089_1,12500001,13000000,0.005456919,12572
bv,uv,NC_087089_1,13000001,13500000,0.003289337,10780
bv,uv,NC_087089_1,13500001,14000000,0.004499339,7953
bv,uv,NC_087089_1,14000001,14500000,0.000243566,4448
bv,uv,NC_087089_1,14500001,15000000,0.014506921,6434
bv,uv,NC_087089_1,15000001,15500000,0.016119617,8953
bv,uv,NC_087089_1,15500001,16000000,0.012604771,9967
bv,uv,NC_087089_1,16000001,16500000,0.002882115,7170
bv,uv,NC_087089_1,16500001,17000000,-2.13E-05,5788
bv,uv,NC_087089_1,17000001,17500000,0.007178828,7534
bv,uv,NC_087089_1,17500001,18000000,0.01383724,7671
bv,uv,NC_087089_1,18000001,18500000,0.002284298,16228
bv,uv,NC_087089_1,18500001,19000000,5.21E-05,6308
bv,uv,NC_087090_1,1,500000,-0.000622552,8792
bv,uv,NC_087090_1,500001,1000000,0.00297794,9851
bv,uv,NC_087090_1,1000001,1500000,0.002856774,11529
bv,uv,NC_087090_1,1500001,2000000,0.006511352,11694
bv,uv,NC_087090_1,2000001,2500000,0.007922003,6654
bv,uv,NC_087090_1,2500001,3000000,0.004798361,11142
bv,uv,NC_087090_1,3000001,3500000,0.006362326,14493
bv,uv,NC_087090_1,3500001,4000000,-0.001697068,12365
bv,uv,NC_087090_1,4000001,4500000,0.009221396,13223
bv,uv,NC_087090_1,4500001,5000000,0.006383469,10969
bv,uv,NC_087090_1,5000001,5500000,0.025108441,10784
bv,uv,NC_087090_1,5500001,6000000,0.016836099,8502
bv,uv,NC_087090_1,6000001,6500000,0.021948369,13815
bv,uv,NC_087090_1,6500001,7000000,0.014429261,7883
bv,uv,NC_087090_1,7000001,7500000,0.010827382,7025
bv,uv,NC_087090_1,7500001,8000000,0.01560826,11410
bv,uv,NC_087090_1,8000001,8500000,0.006959999,11102
bv,uv,NC_087090_1,8500001,9000000,-0.002165316,8067
bv,uv,NC_087090_1,9000001,9500000,0.026128069,7634
bv,uv,NC_087090_1,9500001,10000000,0.002507653,11181
bv,uv,NC_087090_1,10000001,10500000,-0.000668385,7221
bv,uv,NC_087090_1,10500001,11000000,0.019968459,10155
bv,uv,NC_087090_1,11000001,11500000,0.009336769,2594
bv,uv,NC_087090_1,11500001,12000000,0.009420607,11579
bv,uv,NC_087090_1,12000001,12500000,-0.000444667,13713
bv,uv,NC_087090_1,12500001,13000000,0.008420555,12497
bv,uv,NC_087090_1,13000001,13500000,0.008233486,13760
bv,uv,NC_087090_1,13500001,14000000,0.00461902,14972
bv,uv,NC_087090_1,14000001,14500000,0.016098423,12285
bv,uv,NC_087090_1,14500001,15000000,0.012348467,9434
bv,uv,NC_087090_1,15000001,15500000,-0.004498014,7464
bv,uv,NC_087090_1,15500001,16000000,0.003973917,13078
bv,uv,NC_087090_1,16000001,16500000,0.001356305,9655
bv,uv,NC_087090_1,16500001,17000000,0.008565782,9309
bv,uv,NC_087090_1,17000001,17500000,0.003067766,10448
bv,uv,NC_087090_1,17500001,18000000,0.005549364,9975
bv,uv,NC_087090_1,18000001,18500000,0.006249825,8153
bv,uv,NC_087090_1,18500001,19000000,0.004962747,3090
bv,uv,NC_087091_1,1,500000,0.005577456,14514
bv,uv,NC_087091_1,500001,1000000,0.004746161,14770
bv,uv,NC_087091_1,1000001,1500000,0.005299314,11384
bv,uv,NC_087091_1,1500001,2000000,0.002582506,8302
bv,uv,NC_087091_1,2000001,2500000,0.015686275,10559
bv,uv,NC_087091_1,2500001,3000000,0.012710169,11600
bv,uv,NC_087091_1,3000001,3500000,0.000107704,9497
bv,uv,NC_087091_1,3500001,4000000,0.009764867,10436
bv,uv,NC_087091_1,4000001,4500000,-0.001696586,9328
bv,uv,NC_087091_1,4500001,5000000,-0.002914812,8124
bv,uv,NC_087091_1,5000001,5500000,0.002402647,7234
bv,uv,NC_087091_1,5500001,6000000,-0.006217396,8924
bv,uv,NC_087091_1,6000001,6500000,0.00265686,10754
bv,uv,NC_087091_1,6500001,7000000,0.003611553,8436
bv,uv,NC_087091_1,7000001,7500000,0.001560231,9650
bv,uv,NC_087091_1,7500001,8000000,-0.003735168,10883
bv,uv,NC_087091_1,8000001,8500000,0.006063579,9311
bv,uv,NC_087091_1,8500001,9000000,0.003017881,7632
bv,uv,NC_087091_1,9000001,9500000,0.036740264,10159
bv,uv,NC_087091_1,9500001,10000000,0.045029317,7754
bv,uv,NC_087091_1,10000001,10500000,0.071804725,10433
bv,uv,NC_087091_1,10500001,11000000,0.044878542,12602
bv,uv,NC_087091_1,11000001,11500000,0.048225257,10101
bv,uv,NC_087091_1,11500001,12000000,0.041974467,11520
bv,uv,NC_087091_1,12000001,12500000,0.029850459,12588
bv,uv,NC_087091_1,12500001,13000000,0.026748196,12459
bv,uv,NC_087091_1,13000001,13500000,0.00159436,11734
bv,uv,NC_087091_1,13500001,14000000,0.013929913,8238
bv,uv,NC_087091_1,14000001,14500000,0.004990823,9989
bv,uv,NC_087091_1,14500001,15000000,0.001206869,9438
bv,uv,NC_087091_1,15000001,15500000,0.005773256,13784
bv,uv,NC_087091_1,15500001,16000000,-0.002548368,14218
bv,uv,NC_087091_1,16000001,16500000,-0.0019785,13072
bv,uv,NC_087091_1,16500001,17000000,0.007372896,7392
bv,uv,NC_087091_1,17000001,17500000,0.006310202,8472
bv,uv,NC_087091_1,17500001,18000000,-0.000267001,9115
bv,uv,NC_087091_1,18000001,18500000,0.007729,12781
bv,uv,NC_087091_1,18500001,19000000,0.012086579,2482
bv,uv,NC_087092_1,1,500000,0.00038256,9756
bv,uv,NC_087092_1,500001,1000000,0.003709953,11073
bv,uv,NC_087092_1,1000001,1500000,0.017264674,10298
bv,uv,NC_087092_1,1500001,2000000,0.001149597,7853
bv,uv,NC_087092_1,2000001,2500000,0.009264499,13595
bv,uv,NC_087092_1,2500001,3000000,0.000237502,10752
bv,uv,NC_087092_1,3000001,3500000,0.011538201,9419
bv,uv,NC_087092_1,3500001,4000000,0.006505334,15685
bv,uv,NC_087092_1,4000001,4500000,0.014531786,12414
bv,uv,NC_087092_1,4500001,5000000,0.004315711,12497
bv,uv,NC_087092_1,5000001,5500000,0.013049373,13642
bv,uv,NC_087092_1,5500001,6000000,0.006833042,13179
bv,uv,NC_087092_1,6000001,6500000,0.009901484,12566
bv,uv,NC_087092_1,6500001,7000000,0.013583435,14520
bv,uv,NC_087092_1,7000001,7500000,0.02782278,13533
bv,uv,NC_087092_1,7500001,8000000,0.019575094,12125
bv,uv,NC_087092_1,8000001,8500000,0.0248752,8530
bv,uv,NC_087092_1,8500001,9000000,0.024111413,6559
bv,uv,NC_087092_1,9000001,9500000,0.010596966,7295
bv,uv,NC_087092_1,9500001,10000000,0.006730661,8393
bv,uv,NC_087092_1,10000001,10500000,0.003888488,8332
bv,uv,NC_087092_1,10500001,11000000,0.007379883,9578
bv,uv,NC_087092_1,11000001,11500000,0.014433044,12409
bv,uv,NC_087092_1,11500001,12000000,0.004468439,15143
bv,uv,NC_087092_1,12000001,12500000,-0.000261918,10766
bv,uv,NC_087092_1,12500001,13000000,-0.000316737,14020
bv,uv,NC_087092_1,13000001,13500000,0.014386486,14275
bv,uv,NC_087092_1,13500001,14000000,0.003537337,10896
bv,uv,NC_087092_1,14000001,14500000,0.001847935,12609
bv,uv,NC_087092_1,14500001,15000000,0.007976072,5776
bv,uv,NC_087092_1,15000001,15500000,0.00344915,10159
bv,uv,NC_087092_1,15500001,16000000,-0.000246692,9799
bv,uv,NC_087092_1,16000001,16500000,-0.004209728,16848
bv,uv,NC_087092_1,16500001,17000000,0.009711697,10956
bv,uv,NC_087092_1,17000001,17500000,0.02126621,11047
bv,uv,NC_087092_1,17500001,18000000,-0.000522233,12800
bv,uv,NC_087092_1,18000001,18500000,0.006493721,8923
bv,uv,NC_087092_1,18500001,19000000,0.017775261,224
bv,uv,NC_087093_1,1,500000,0.010419269,2948
bv,uv,NC_087093_1,500001,1000000,0.012247701,7411
bv,uv,NC_087093_1,1000001,1500000,0.005237118,6860
bv,uv,NC_087093_1,1500001,2000000,0.008915685,6328
bv,uv,NC_087093_1,2000001,2500000,0.01741052,11078
bv,uv,NC_087093_1,2500001,3000000,0.002778615,8072
bv,uv,NC_087093_1,3000001,3500000,0.022568442,5297
bv,uv,NC_087093_1,3500001,4000000,0.011765,2647
bv,uv,NC_087093_1,4000001,4500000,0.009996897,5036
bv,uv,NC_087093_1,4500001,5000000,0.016435066,8065
bv,uv,NC_087093_1,5000001,5500000,-0.002742318,6761
bv,uv,NC_087093_1,5500001,6000000,0.000390864,7320
bv,uv,NC_087093_1,6000001,6500000,0.004055887,6161
bv,uv,NC_087093_1,6500001,7000000,0.011367874,5211
bv,uv,NC_087093_1,7000001,7500000,0.004253806,5664
bv,uv,NC_087093_1,7500001,8000000,0.00946205,6097
bv,uv,NC_087093_1,8000001,8500000,0.010775477,9038
bv,uv,NC_087093_1,8500001,9000000,-0.001798754,6521
bv,uv,NC_087093_1,9000001,9500000,0.001724677,8882
bv,uv,NC_087093_1,9500001,10000000,0.001249543,8148
bv,uv,NC_087093_1,10000001,10500000,0.025981764,7546
bv,uv,NC_087093_1,10500001,11000000,0.003755363,9268
bv,uv,NC_087093_1,11000001,11500000,-0.005175952,7767
bv,uv,NC_087093_1,11500001,12000000,-0.003305994,7365
bv,uv,NC_087093_1,12000001,12500000,0.008255051,8488
bv,uv,NC_087093_1,12500001,13000000,0.013718268,9648
bv,uv,NC_087093_1,13000001,13500000,0.019048088,9752
bv,uv,NC_087093_1,13500001,14000000,0.014725648,9010
bv,uv,NC_087093_1,14000001,14500000,0.0068089,7980
bv,uv,NC_087093_1,14500001,15000000,-0.002500851,9235
bv,uv,NC_087093_1,15000001,15500000,0.004609708,11329
bv,uv,NC_087093_1,15500001,16000000,0.001031607,8033
bv,uv,NC_087093_1,16000001,16500000,0.011949027,13137
bv,uv,NC_087093_1,16500001,17000000,0.005815561,13393
bv,uv,NC_087093_1,17000001,17500000,0.00907292,9619
bv,uv,NC_087093_1,17500001,18000000,0.000462353,10646
bv,uv,NC_087093_1,18000001,18500000,0.000337944,8107
bv,uv,NC_087094_1,1,500000,0.003930024,7057
bv,uv,NC_087094_1,500001,1000000,0.008520807,10108
bv,uv,NC_087094_1,1000001,1500000,0.007170409,10215
bv,uv,NC_087094_1,1500001,2000000,0.006966334,13564
bv,uv,NC_087094_1,2000001,2500000,0.00103499,8431
bv,uv,NC_087094_1,2500001,3000000,0.002321188,8716
bv,uv,NC_087094_1,3000001,3500000,0.014166073,11693
bv,uv,NC_087094_1,3500001,4000000,0.01259715,9421
bv,uv,NC_087094_1,4000001,4500000,0.015292236,11396
bv,uv,NC_087094_1,4500001,5000000,0.023308578,13933
bv,uv,NC_087094_1,5000001,5500000,0.016456511,12366
bv,uv,NC_087094_1,5500001,6000000,0.027665704,12688
bv,uv,NC_087094_1,6000001,6500000,-0.003306594,13352
bv,uv,NC_087094_1,6500001,7000000,-0.003461231,13470
bv,uv,NC_087094_1,7000001,7500000,0.008106556,14136
bv,uv,NC_087094_1,7500001,8000000,0.000456885,8614
bv,uv,NC_087094_1,8000001,8500000,-0.007652468,9767
bv,uv,NC_087094_1,8500001,9000000,-0.004770478,9750
bv,uv,NC_087094_1,9000001,9500000,0.015036908,9237
bv,uv,NC_087094_1,9500001,10000000,0.011056377,9457
bv,uv,NC_087094_1,10000001,10500000,0.001947756,11776
bv,uv,NC_087094_1,10500001,11000000,-0.002273224,7591
bv,uv,NC_087094_1,11000001,11500000,0.00862433,9492
bv,uv,NC_087094_1,11500001,12000000,0.004497847,12416
bv,uv,NC_087094_1,12000001,12500000,-0.004784697,9670
bv,uv,NC_087094_1,12500001,13000000,0.001854216,14902
bv,uv,NC_087094_1,13000001,13500000,-0.001218846,13784
bv,uv,NC_087094_1,13500001,14000000,0.003531828,11762
bv,uv,NC_087094_1,14000001,14500000,0.013634362,10410
bv,uv,NC_087094_1,14500001,15000000,-0.00389973,15975
bv,uv,NC_087094_1,15000001,15500000,0.00623751,11788
bv,uv,NC_087094_1,15500001,16000000,0.001201398,11546
bv,uv,NC_087094_1,16000001,16500000,0.001397527,9262
bv,uv,NC_087094_1,16500001,17000000,0.012153341,8389
bv,uv,NC_087094_1,17000001,17500000,0.009825795,11955
bv,uv,NC_087094_1,17500001,18000000,-0.003279839,6816
bv,uv,NC_087095_1,1,500000,0.004083201,8214
bv,uv,NC_087095_1,500001,1000000,0.002038501,10639
bv,uv,NC_087095_1,1000001,1500000,0.011048199,11791
bv,uv,NC_087095_1,1500001,2000000,0.000828836,10131
bv,uv,NC_087095_1,2000001,2500000,0.021906371,9337
bv,uv,NC_087095_1,2500001,3000000,0.010789296,7118
bv,uv,NC_087095_1,3000001,3500000,0.003439707,11663
bv,uv,NC_087095_1,3500001,4000000,0.00117328,7683
bv,uv,NC_087095_1,4000001,4500000,0.010880314,10928
bv,uv,NC_087095_1,4500001,5000000,0.013298941,14911
bv,uv,NC_087095_1,5000001,5500000,0.021345756,11733
bv,uv,NC_087095_1,5500001,6000000,0.013125485,9653
bv,uv,NC_087095_1,6000001,6500000,0.010889856,7376
bv,uv,NC_087095_1,6500001,7000000,0.005514458,17146
bv,uv,NC_087095_1,7000001,7500000,0.017872608,12764
bv,uv,NC_087095_1,7500001,8000000,0.00578773,13292
bv,uv,NC_087095_1,8000001,8500000,0.004242522,10295
bv,uv,NC_087095_1,8500001,9000000,0.00284673,11177
bv,uv,NC_087095_1,9000001,9500000,0.006773798,10761
bv,uv,NC_087095_1,9500001,10000000,0.014770378,10890
bv,uv,NC_087095_1,10000001,10500000,-0.000733545,9780
bv,uv,NC_087095_1,10500001,11000000,0.00055635,10874
bv,uv,NC_087095_1,11000001,11500000,0.004389897,10210
bv,uv,NC_087095_1,11500001,12000000,-0.003390088,13213
bv,uv,NC_087095_1,12000001,12500000,0.001434022,10835
bv,uv,NC_087095_1,12500001,13000000,0.009276948,13442
bv,uv,NC_087095_1,13000001,13500000,0.006276942,11743
bv,uv,NC_087095_1,13500001,14000000,0.002449133,10413
bv,uv,NC_087095_1,14000001,14500000,0.008914345,7082
bv,uv,NC_087095_1,14500001,15000000,0.016192683,8202
bv,uv,NC_087095_1,15000001,15500000,-0.001146832,11017
bv,uv,NC_087095_1,15500001,16000000,-0.005244899,11521
bv,uv,NC_087095_1,16000001,16500000,0.00557211,12235
bv,uv,NC_087095_1,16500001,17000000,-0.005003903,10946
bv,uv,NC_087095_1,17000001,17500000,0.000894084,8821
bv,uv,NC_087095_1,17500001,18000000,0.016122952,3743
bv,uv,NC_087096_1,1,500000,0.000347474,8024
bv,uv,NC_087096_1,500001,1000000,0.00257554,8072
bv,uv,NC_087096_1,1000001,1500000,0.002607436,6475
bv,uv,NC_087096_1,1500001,2000000,0.01165937,9291
bv,uv,NC_087096_1,2000001,2500000,0.008116372,9356
bv,uv,NC_087096_1,2500001,3000000,0.006038444,11382
bv,uv,NC_087096_1,3000001,3500000,-0.000591284,10731
bv,uv,NC_087096_1,3500001,4000000,0.006399581,8191
bv,uv,NC_087096_1,4000001,4500000,-0.001293239,11995
bv,uv,NC_087096_1,4500001,5000000,0.013370472,10269
bv,uv,NC_087096_1,5000001,5500000,0.014660701,9523
bv,uv,NC_087096_1,5500001,6000000,0.009786393,11272
bv,uv,NC_087096_1,6000001,6500000,0.005263383,12387
bv,uv,NC_087096_1,6500001,7000000,-0.005466798,9945
bv,uv,NC_087096_1,7000001,7500000,0.006727665,11464
bv,uv,NC_087096_1,7500001,8000000,0.000999777,8060
bv,uv,NC_087096_1,8000001,8500000,0.020314676,5050
bv,uv,NC_087096_1,8500001,9000000,0.012091525,9076
bv,uv,NC_087096_1,9000001,9500000,0.000829971,13139
bv,uv,NC_087096_1,9500001,10000000,0.002673662,12559
bv,uv,NC_087096_1,10000001,10500000,-9.88E-05,12773
bv,uv,NC_087096_1,10500001,11000000,-0.003295773,12940
bv,uv,NC_087096_1,11000001,11500000,0.006813804,13734
bv,uv,NC_087096_1,11500001,12000000,0.004568168,10881
bv,uv,NC_087096_1,12000001,12500000,0.002705594,12347
bv,uv,NC_087096_1,12500001,13000000,0.004722733,15393
bv,uv,NC_087096_1,13000001,13500000,0.006629576,12157
bv,uv,NC_087096_1,13500001,14000000,0.018955535,12938
bv,uv,NC_087096_1,14000001,14500000,0.024192761,9090
bv,uv,NC_087096_1,14500001,15000000,0.008056773,7598
bv,uv,NC_087096_1,15000001,15500000,0.01098187,5255
bv,uv,NC_087096_1,15500001,16000000,0.005472085,5664
bv,uv,NC_087096_1,16000001,16500000,0.004844776,9102
bv,uv,NC_087096_1,16500001,17000000,0.008595591,9121
bv,uv,NC_087096_1,17000001,17500000,0.003166526,6555
bv,uv,NC_087097_1,1,500000,0.013440727,5718
bv,uv,NC_087097_1,500001,1000000,0.010530133,7523
bv,uv,NC_087097_1,1000001,1500000,0.015659593,7169
bv,uv,NC_087097_1,1500001,2000000,0.018554592,8235
bv,uv,NC_087097_1,2000001,2500000,-0.001022331,9368
bv,uv,NC_087097_1,2500001,3000000,0.002439099,7492
bv,uv,NC_087097_1,3000001,3500000,0.01061202,7983
bv,uv,NC_087097_1,3500001,4000000,-0.000473666,11740
bv,uv,NC_087097_1,4000001,4500000,0.001235967,11212
bv,uv,NC_087097_1,4500001,5000000,0.002676385,10086
bv,uv,NC_087097_1,5000001,5500000,0.00532734,8751
bv,uv,NC_087097_1,5500001,6000000,0.004502284,15416
bv,uv,NC_087097_1,6000001,6500000,-0.00240314,10867
bv,uv,NC_087097_1,6500001,7000000,0.005839585,12454
bv,uv,NC_087097_1,7000001,7500000,0.009785372,8138
bv,uv,NC_087097_1,7500001,8000000,0.01803231,9909
bv,uv,NC_087097_1,8000001,8500000,0.021418339,9535
bv,uv,NC_087097_1,8500001,9000000,0.014156901,13112
bv,uv,NC_087097_1,9000001,9500000,0.012578119,12722
bv,uv,NC_087097_1,9500001,10000000,0.009070584,9480
bv,uv,NC_087097_1,10000001,10500000,0.015360915,15363
bv,uv,NC_087097_1,10500001,11000000,0.02461808,10114
bv,uv,NC_087097_1,11000001,11500000,0.003919442,10454
bv,uv,NC_087097_1,11500001,12000000,0.007420227,9469
bv,uv,NC_087097_1,12000001,12500000,0.010707066,14176
bv,uv,NC_087097_1,12500001,13000000,0.004733501,9450
bv,uv,NC_087097_1,13000001,13500000,-0.003449516,8977
bv,uv,NC_087097_1,13500001,14000000,0.011175504,8571
bv,uv,NC_087097_1,14000001,14500000,0.00900621,9911
bv,uv,NC_087097_1,14500001,15000000,0.008514426,7065
bv,uv,NC_087097_1,15000001,15500000,0.006379722,11053
bv,uv,NC_087097_1,15500001,16000000,0.012709231,11219
bv,uv,NC_087097_1,16000001,16500000,0.007123413,10579
bv,uv,NC_087097_1,16500001,17000000,0.011038542,5139
bv,uv,NC_087098_1,1,500000,0.0070271,9161
bv,uv,NC_087098_1,500001,1000000,-0.001384679,10308
bv,uv,NC_087098_1,1000001,1500000,0.004800685,6725
bv,uv,NC_087098_1,1500001,2000000,0.016174053,9898
bv,uv,NC_087098_1,2000001,2500000,0.013996882,11292
bv,uv,NC_087098_1,2500001,3000000,0.014250663,17236
bv,uv,NC_087098_1,3000001,3500000,0.010497127,8456
bv,uv,NC_087098_1,3500001,4000000,0.004381485,16065
bv,uv,NC_087098_1,4000001,4500000,-0.00025254,13094
bv,uv,NC_087098_1,4500001,5000000,-0.005256118,15185
bv,uv,NC_087098_1,5000001,5500000,-0.007588899,16793
bv,uv,NC_087098_1,5500001,6000000,0.000192712,13704
bv,uv,NC_087098_1,6000001,6500000,0.008753541,12446
bv,uv,NC_087098_1,6500001,7000000,-0.003574435,10893
bv,uv,NC_087098_1,7000001,7500000,0.009050168,14679
bv,uv,NC_087098_1,7500001,8000000,0.003682523,14129
bv,uv,NC_087098_1,8000001,8500000,0.005157477,11000
bv,uv,NC_087098_1,8500001,9000000,0.019543853,7804
bv,uv,NC_087098_1,9000001,9500000,0.024516693,8310
bv,uv,NC_087098_1,9500001,10000000,0.009212747,12284
bv,uv,NC_087098_1,10000001,10500000,0.019603069,15915
bv,uv,NC_087098_1,10500001,11000000,0.008481052,16023
bv,uv,NC_087098_1,11000001,11500000,0.007073922,12235
bv,uv,NC_087098_1,11500001,12000000,0.013449688,14896
bv,uv,NC_087098_1,12000001,12500000,0.002913258,11329
bv,uv,NC_087098_1,12500001,13000000,-0.003798247,8459
bv,uv,NC_087098_1,13000001,13500000,-0.002131632,11509
bv,uv,NC_087098_1,13500001,14000000,-0.002212853,7477
bv,uv,NC_087098_1,14000001,14500000,0.007913879,12322
bv,uv,NC_087098_1,14500001,15000000,0.003685341,10345
bv,uv,NC_087098_1,15000001,15500000,0.003959628,6674
bv,uv,NC_087098_1,15500001,16000000,0.00450069,10255
bv,uv,NC_087098_1,16000001,16500000,0.003114956,10745
bv,uv,NC_087098_1,16500001,17000000,0.000545498,2956
bv,uv,NC_087099_1,1,500000,0.013220948,13947
bv,uv,NC_087099_1,500001,1000000,0.022927036,13365
bv,uv,NC_087099_1,1000001,1500000,0.000549402,8986
bv,uv,NC_087099_1,1500001,2000000,0.010752922,8215
bv,uv,NC_087099_1,2000001,2500000,0.011100542,8331
bv,uv,NC_087099_1,2500001,3000000,0.009206126,9808
bv,uv,NC_087099_1,3000001,3500000,0.006582944,15321
bv,uv,NC_087099_1,3500001,4000000,0.00913543,12403
bv,uv,NC_087099_1,4000001,4500000,0.006318938,12514
bv,uv,NC_087099_1,4500001,5000000,0.004156026,13282
bv,uv,NC_087099_1,5000001,5500000,0.008238397,8686
bv,uv,NC_087099_1,5500001,6000000,0.016065411,14274
bv,uv,NC_087099_1,6000001,6500000,0.001532914,11163
bv,uv,NC_087099_1,6500001,7000000,0.01128273,10795
bv,uv,NC_087099_1,7000001,7500000,0.000993789,14063
bv,uv,NC_087099_1,7500001,8000000,0.001274126,13881
bv,uv,NC_087099_1,8000001,8500000,0.008594853,10991
bv,uv,NC_087099_1,8500001,9000000,0.004965244,11714
bv,uv,NC_087099_1,9000001,9500000,0.023911648,16263
bv,uv,NC_087099_1,9500001,10000000,0.012631639,15987
bv,uv,NC_087099_1,10000001,10500000,0.019266524,19796
bv,uv,NC_087099_1,10500001,11000000,0.004234399,19707
bv,uv,NC_087099_1,11000001,11500000,0.005209826,12653
bv,uv,NC_087099_1,11500001,12000000,0.000376766,9670
bv,uv,NC_087099_1,12000001,12500000,0.00109202,12058
bv,uv,NC_087099_1,12500001,13000000,0.006091437,13176
bv,uv,NC_087099_1,13000001,13500000,0.003433486,10658
bv,uv,NC_087099_1,13500001,14000000,0.004408126,12023
bv,uv,NC_087099_1,14000001,14500000,0.011757678,8033
bv,uv,NC_087099_1,14500001,15000000,0.003606361,7219
bv,uv,NC_087099_1,15000001,15500000,0.002287263,8895
bv,uv,NC_087099_1,15500001,16000000,0.006490705,10321
bv,uv,NC_087099_1,16000001,16500000,0.003225403,10097
bv,uv,NC_087099_1,16500001,17000000,0.134161808,116
bv,uv,NC_087100_1,1,500000,0.003057721,6245
bv,uv,NC_087100_1,500001,1000000,-0.000855038,13525
bv,uv,NC_087100_1,1000001,1500000,-0.001913783,10600
bv,uv,NC_087100_1,1500001,2000000,0.003614541,11142
bv,uv,NC_087100_1,2000001,2500000,-0.001687925,16010
bv,uv,NC_087100_1,2500001,3000000,0.006350717,10393
bv,uv,NC_087100_1,3000001,3500000,0.001128038,8598
bv,uv,NC_087100_1,3500001,4000000,0.004717247,11692
bv,uv,NC_087100_1,4000001,4500000,-0.000412354,14040
bv,uv,NC_087100_1,4500001,5000000,0.002468658,15076
bv,uv,NC_087100_1,5000001,5500000,0.017288571,11277
bv,uv,NC_087100_1,5500001,6000000,0.006896243,12710
bv,uv,NC_087100_1,6000001,6500000,-0.001155827,15091
bv,uv,NC_087100_1,6500001,7000000,3.60E-05,14734
bv,uv,NC_087100_1,7000001,7500000,0.00688251,10569
bv,uv,NC_087100_1,7500001,8000000,0.001254178,8160
bv,uv,NC_087100_1,8000001,8500000,-0.000482187,8959
bv,uv,NC_087100_1,8500001,9000000,0.025440708,7220
bv,uv,NC_087100_1,9000001,9500000,0.014349407,10467
bv,uv,NC_087100_1,9500001,10000000,0.018079671,12546
bv,uv,NC_087100_1,10000001,10500000,-0.002413714,15893
bv,uv,NC_087100_1,10500001,11000000,0.002154666,16274
bv,uv,NC_087100_1,11000001,11500000,0.003677987,14045
bv,uv,NC_087100_1,11500001,12000000,0.00502328,13453
bv,uv,NC_087100_1,12000001,12500000,0.002511114,11184
bv,uv,NC_087100_1,12500001,13000000,0.001516982,9140
bv,uv,NC_087100_1,13000001,13500000,0.011695104,9207
bv,uv,NC_087100_1,13500001,14000000,-0.001831891,6024
bv,uv,NC_087100_1,14000001,14500000,-0.001101036,7779
bv,uv,NC_087100_1,14500001,15000000,-0.001785715,6189
bv,uv,NC_087100_1,15000001,15500000,-0.003851406,8327
bv,uv,NC_087100_1,15500001,16000000,0.011466893,10095
bv,uv,NC_087100_1,16000001,16500000,0.012747355,6484
bv,uv,NC_087101_1,1,500000,0.004780219,7833
bv,uv,NC_087101_1,500001,1000000,0.002497445,12486
bv,uv,NC_087101_1,1000001,1500000,-0.001614641,8501
bv,uv,NC_087101_1,1500001,2000000,0.005266181,7490
bv,uv,NC_087101_1,2000001,2500000,0.005906248,6742
bv,uv,NC_087101_1,2500001,3000000,0.002383432,8306
bv,uv,NC_087101_1,3000001,3500000,0.010814283,7778
bv,uv,NC_087101_1,3500001,4000000,0.005993746,9722
bv,uv,NC_087101_1,4000001,4500000,0.013617072,10270
bv,uv,NC_087101_1,4500001,5000000,0.008515784,15990
bv,uv,NC_087101_1,5000001,5500000,0.007720944,12095
bv,uv,NC_087101_1,5500001,6000000,0.013988234,11672
bv,uv,NC_087101_1,6000001,6500000,0.007010585,11824
bv,uv,NC_087101_1,6500001,7000000,-0.005056212,13128
bv,uv,NC_087101_1,7000001,7500000,0.016234531,11649
bv,uv,NC_087101_1,7500001,8000000,0.011829011,13491
bv,uv,NC_087101_1,8000001,8500000,0.013687873,13275
bv,uv,NC_087101_1,8500001,9000000,0.000381035,11933
bv,uv,NC_087101_1,9000001,9500000,-0.004435276,10844
bv,uv,NC_087101_1,9500001,10000000,0.003334988,14465
bv,uv,NC_087101_1,10000001,10500000,0.012297399,10302
bv,uv,NC_087101_1,10500001,11000000,0.025404021,13933
bv,uv,NC_087101_1,11000001,11500000,0.010068331,9185
bv,uv,NC_087101_1,11500001,12000000,0.01239718,10329
bv,uv,NC_087101_1,12000001,12500000,-0.000727717,13863
bv,uv,NC_087101_1,12500001,13000000,-0.001891221,11393
bv,uv,NC_087101_1,13000001,13500000,0.001011563,13097
bv,uv,NC_087101_1,13500001,14000000,0.000244895,11446
bv,uv,NC_087101_1,14000001,14500000,0.00316292,12537
bv,uv,NC_087101_1,14500001,15000000,0.001070742,8757
bv,uv,NC_087101_1,15000001,15500000,0.003562664,12207
bv,uv,NC_087101_1,15500001,16000000,-0.000485188,11281
bv,uv,NC_087101_1,16000001,16500000,0.074253002,450
bv,uv,NC_087102_1,1,500000,0.003087565,13335
bv,uv,NC_087102_1,500001,1000000,0.006169196,14703
bv,uv,NC_087102_1,1000001,1500000,0.013822341,9948
bv,uv,NC_087102_1,1500001,2000000,0.011166685,8537
bv,uv,NC_087102_1,2000001,2500000,0.005226153,9977
bv,uv,NC_087102_1,2500001,3000000,0.001124495,9459
bv,uv,NC_087102_1,3000001,3500000,0.002914647,9083
bv,uv,NC_087102_1,3500001,4000000,0.005218748,11283
bv,uv,NC_087102_1,4000001,4500000,0.013940881,11550
bv,uv,NC_087102_1,4500001,5000000,0.00206673,9964
bv,uv,NC_087102_1,5000001,5500000,0.003868734,12300
bv,uv,NC_087102_1,5500001,6000000,0.004541277,14065
bv,uv,NC_087102_1,6000001,6500000,-0.004427298,11938
bv,uv,NC_087102_1,6500001,7000000,0.005545115,13944
bv,uv,NC_087102_1,7000001,7500000,0.001969692,11332
bv,uv,NC_087102_1,7500001,8000000,0.003312307,13331
bv,uv,NC_087102_1,8000001,8500000,-0.002187549,9944
bv,uv,NC_087102_1,8500001,9000000,-0.006309845,10292
bv,uv,NC_087102_1,9000001,9500000,0.002356527,16180
bv,uv,NC_087102_1,9500001,10000000,-0.000924301,13956
bv,uv,NC_087102_1,10000001,10500000,-0.004472521,10812
bv,uv,NC_087102_1,10500001,11000000,-0.000644363,9746
bv,uv,NC_087102_1,11000001,11500000,0.000132818,11562
bv,uv,NC_087102_1,11500001,12000000,-0.00141796,10593
bv,uv,NC_087102_1,12000001,12500000,0.004844995,7343
bv,uv,NC_087102_1,12500001,13000000,0.025257591,12300
bv,uv,NC_087102_1,13000001,13500000,0.020462503,8157
bv,uv,NC_087102_1,13500001,14000000,0.014540248,9966
bv,uv,NC_087102_1,14000001,14500000,0.017589933,4941
bv,uv,NC_087102_1,14500001,15000000,0.011625711,9412
bv,uv,NC_087102_1,15000001,15500000,0.003932308,5063
bv,uv,NC_087102_1,15500001,16000000,0.000248407,7326
bv,uv,NC_087102_1,16000001,16500000,0.020808921,12
bv,uv,NC_087103_1,1,500000,0.001241307,13049
bv,uv,NC_087103_1,500001,1000000,0.009053795,11202
bv,uv,NC_087103_1,1000001,1500000,-0.00391703,7129
bv,uv,NC_087103_1,1500001,2000000,0.007429724,7191
bv,uv,NC_087103_1,2000001,2500000,0.008226597,6098
bv,uv,NC_087103_1,2500001,3000000,0.012163791,6424
bv,uv,NC_087103_1,3000001,3500000,0.003174392,7164
bv,uv,NC_087103_1,3500001,4000000,0.016815246,11412
bv,uv,NC_087103_1,4000001,4500000,0.008372033,14000
bv,uv,NC_087103_1,4500001,5000000,0.002364671,9942
bv,uv,NC_087103_1,5000001,5500000,0.000176661,9726
bv,uv,NC_087103_1,5500001,6000000,0.001499706,11916
bv,uv,NC_087103_1,6000001,6500000,-0.000447034,11438
bv,uv,NC_087103_1,6500001,7000000,0.008935046,9629
bv,uv,NC_087103_1,7000001,7500000,-0.00084316,13155
bv,uv,NC_087103_1,7500001,8000000,-0.002888586,12941
bv,uv,NC_087103_1,8000001,8500000,0.000722019,12748
bv,uv,NC_087103_1,8500001,9000000,-0.000654219,14525
bv,uv,NC_087103_1,9000001,9500000,-0.001636494,9720
bv,uv,NC_087103_1,9500001,10000000,0.000385322,11882
bv,uv,NC_087103_1,10000001,10500000,0.008023867,12021
bv,uv,NC_087103_1,10500001,11000000,0.013460448,11951
bv,uv,NC_087103_1,11000001,11500000,0.007439279,12564
bv,uv,NC_087103_1,11500001,12000000,0.003543532,8744
bv,uv,NC_087103_1,12000001,12500000,0.004736066,9893
bv,uv,NC_087103_1,12500001,13000000,0.002955037,10108
bv,uv,NC_087103_1,13000001,13500000,0.005818299,7397
bv,uv,NC_087103_1,13500001,14000000,0.002513158,8142
bv,uv,NC_087103_1,14000001,14500000,0.001600421,16007
bv,uv,NC_087103_1,14500001,15000000,0.00866006,6215
bv,uv,NC_087103_1,15000001,15500000,0.010282954,11073
bv,uv,NC_087103_1,15500001,16000000,0.013843036,350
bv,uv,NC_087104_1,1,500000,0.000419827,11651
bv,uv,NC_087104_1,500001,1000000,-0.005377223,8305
bv,uv,NC_087104_1,1000001,1500000,0.00373082,5302
bv,uv,NC_087104_1,1500001,2000000,0.005175292,5702
bv,uv,NC_087104_1,2000001,2500000,0.010414345,6220
bv,uv,NC_087104_1,2500001,3000000,0.000829796,8325
bv,uv,NC_087104_1,3000001,3500000,0.00408051,11158
bv,uv,NC_087104_1,3500001,4000000,0.011809546,9787
bv,uv,NC_087104_1,4000001,4500000,0.007853718,9759
bv,uv,NC_087104_1,4500001,5000000,0.008001141,7707
bv,uv,NC_087104_1,5000001,5500000,0.001637663,12184
bv,uv,NC_087104_1,5500001,6000000,0.018364104,10544
bv,uv,NC_087104_1,6000001,6500000,0.006823515,14715
bv,uv,NC_087104_1,6500001,7000000,0.01313067,10513
bv,uv,NC_087104_1,7000001,7500000,0.020215388,13478
bv,uv,NC_087104_1,7500001,8000000,-0.001222257,13284
bv,uv,NC_087104_1,8000001,8500000,0.008115987,10197
bv,uv,NC_087104_1,8500001,9000000,0.009978244,9884
bv,uv,NC_087104_1,9000001,9500000,0.010160339,13429
bv,uv,NC_087104_1,9500001,10000000,0.005502949,12912
bv,uv,NC_087104_1,10000001,10500000,0.003825345,9770
bv,uv,NC_087104_1,10500001,11000000,0.008208975,11445
bv,uv,NC_087104_1,11000001,11500000,0.010208986,9142
bv,uv,NC_087104_1,11500001,12000000,0.012363944,9847
bv,uv,NC_087104_1,12000001,12500000,0.006601582,6469
bv,uv,NC_087104_1,12500001,13000000,0.004133921,10753
bv,uv,NC_087104_1,13000001,13500000,0.00590285,6312
bv,uv,NC_087104_1,13500001,14000000,0.00216546,4535
bv,uv,NC_087104_1,14000001,14500000,0.005857906,11284
bv,uv,NC_087104_1,14500001,15000000,0.008285423,8611
bv,uv,NC_087104_1,15000001,15500000,-0.005506086,5182
bv,uv,NC_087105_1,1,500000,0.006244901,9610
bv,uv,NC_087105_1,500001,1000000,0.001571944,11005
bv,uv,NC_087105_1,1000001,1500000,0.00816399,6479
bv,uv,NC_087105_1,1500001,2000000,0.003231285,14450
bv,uv,NC_087105_1,2000001,2500000,0.005083053,6339
bv,uv,NC_087105_1,2500001,3000000,-0.00421258,5038
bv,uv,NC_087105_1,3000001,3500000,0.004843336,9271
bv,uv,NC_087105_1,3500001,4000000,0.018470104,9696
bv,uv,NC_087105_1,4000001,4500000,0.000615164,7151
bv,uv,NC_087105_1,4500001,5000000,0.002497418,9835
bv,uv,NC_087105_1,5000001,5500000,0.006820445,11900
bv,uv,NC_087105_1,5500001,6000000,0.010401091,6436
bv,uv,NC_087105_1,6000001,6500000,0.007722238,10189
bv,uv,NC_087105_1,6500001,7000000,0.011389397,9877
bv,uv,NC_087105_1,7000001,7500000,0.011915717,9321
bv,uv,NC_087105_1,7500001,8000000,-0.004086768,9023
bv,uv,NC_087105_1,8000001,8500000,0.009477293,9192
bv,uv,NC_087105_1,8500001,9000000,0.013325422,10789
bv,uv,NC_087105_1,9000001,9500000,-0.001493906,9818
bv,uv,NC_087105_1,9500001,10000000,0.013766605,11355
bv,uv,NC_087105_1,10000001,10500000,0.0114901,9794
bv,uv,NC_087105_1,10500001,11000000,0.011519883,8419
bv,uv,NC_087105_1,11000001,11500000,0.006263913,10911
bv,uv,NC_087105_1,11500001,12000000,0.003916496,11133
bv,uv,NC_087105_1,12000001,12500000,0.002664446,7373
bv,uv,NC_087105_1,12500001,13000000,0.009669396,6517
bv,uv,NC_087105_1,13000001,13500000,0.014940144,8643
bv,uv,NC_087105_1,13500001,14000000,-0.000702379,8454
bv,uv,NC_087105_1,14000001,14500000,0.001319196,7476
bv,uv,NC_087105_1,14500001,15000000,0.004948683,12726
bv,uv,NC_087105_1,15000001,15500000,0.005308575,7621
bv,uv,NC_087106_1,1,500000,0.009426257,8568
bv,uv,NC_087106_1,500001,1000000,0.0023359,4092
bv,uv,NC_087106_1,1000001,1500000,0.007387771,4660
bv,uv,NC_087106_1,1500001,2000000,0.016262135,3017
bv,uv,NC_087106_1,2000001,2500000,0.015772922,8912
bv,uv,NC_087106_1,2500001,3000000,0.006532394,4442
bv,uv,NC_087106_1,3000001,3500000,0.014950112,4366
bv,uv,NC_087106_1,3500001,4000000,-6.09E-05,7549
bv,uv,NC_087106_1,4000001,4500000,0.001940854,8930
bv,uv,NC_087106_1,4500001,5000000,-0.006271479,10213
bv,uv,NC_087106_1,5000001,5500000,-0.000577349,11059
bv,uv,NC_087106_1,5500001,6000000,0.004972653,9513
bv,uv,NC_087106_1,6000001,6500000,0.013736647,11246
bv,uv,NC_087106_1,6500001,7000000,0.01534633,11556
bv,uv,NC_087106_1,7000001,7500000,-0.002541169,12331
bv,uv,NC_087106_1,7500001,8000000,0.004705269,11589
bv,uv,NC_087106_1,8000001,8500000,0.008486991,9280
bv,uv,NC_087106_1,8500001,9000000,0.014504137,8443
bv,uv,NC_087106_1,9000001,9500000,-0.000164704,13867
bv,uv,NC_087106_1,9500001,10000000,0.006430712,11456
bv,uv,NC_087106_1,10000001,10500000,0.007002014,7698
bv,uv,NC_087106_1,10500001,11000000,0.005586347,14604
bv,uv,NC_087106_1,11000001,11500000,0.019140674,7305
bv,uv,NC_087106_1,11500001,12000000,-0.00208907,8742
bv,uv,NC_087106_1,12000001,12500000,2.80E-05,9232
bv,uv,NC_087106_1,12500001,13000000,0.000366183,7897
bv,uv,NC_087106_1,13000001,13500000,0.00259932,9173
bv,uv,NC_087106_1,13500001,14000000,0.007599079,10104
bv,uv,NC_087106_1,14000001,14500000,0.003114286,13365
bv,uv,NC_087106_1,14500001,15000000,0.011765585,1484
bv,uv,NC_087107_1,1,500000,-0.001748899,17668
bv,uv,NC_087107_1,500001,1000000,0.011362885,7504
bv,uv,NC_087107_1,1000001,1500000,0.003597399,8324
bv,uv,NC_087107_1,1500001,2000000,-0.001708294,12970
bv,uv,NC_087107_1,2000001,2500000,0.003062646,8701
bv,uv,NC_087107_1,2500001,3000000,0.001523597,10597
bv,uv,NC_087107_1,3000001,3500000,0.003515466,10549
bv,uv,NC_087107_1,3500001,4000000,-0.0038566,13436
bv,uv,NC_087107_1,4000001,4500000,0.005997281,11184
bv,uv,NC_087107_1,4500001,5000000,0.00272856,16595
bv,uv,NC_087107_1,5000001,5500000,0.003124459,10676
bv,uv,NC_087107_1,5500001,6000000,0.009576459,14751
bv,uv,NC_087107_1,6000001,6500000,0.002205452,10120
bv,uv,NC_087107_1,6500001,7000000,0.006242853,12670
bv,uv,NC_087107_1,7000001,7500000,0.008692421,9656
bv,uv,NC_087107_1,7500001,8000000,0.001680048,11813
bv,uv,NC_087107_1,8000001,8500000,0.008037835,11901
bv,uv,NC_087107_1,8500001,9000000,0.005356985,10657
bv,uv,NC_087107_1,9000001,9500000,0.000919185,11664
bv,uv,NC_087107_1,9500001,10000000,0.007194556,6086
bv,uv,NC_087107_1,10000001,10500000,0.004229727,7050
bv,uv,NC_087107_1,10500001,11000000,0.002419418,9675
bv,uv,NC_087107_1,11000001,11500000,0.008161345,11046
bv,uv,NC_087107_1,11500001,12000000,0.002598268,4584
bv,uv,NC_087107_1,12000001,12500000,-0.000585371,7805
bv,uv,NC_087107_1,12500001,13000000,0.005229098,7625
bv,uv,NC_087107_1,13000001,13500000,0.005985999,8949
bv,uv,NC_087107_1,13500001,14000000,0.007944897,9873
bv,uv,NC_087107_1,14000001,14500000,0.002075633,2175
bv,uv,NC_087108_1,1,500000,0.009540547,8170
bv,uv,NC_087108_1,500001,1000000,0.003977194,5742
bv,uv,NC_087108_1,1000001,1500000,0.004981418,5976
bv,uv,NC_087108_1,1500001,2000000,0.004818425,7011
bv,uv,NC_087108_1,2000001,2500000,0.005724118,9551
bv,uv,NC_087108_1,2500001,3000000,0.00029563,8531
bv,uv,NC_087108_1,3000001,3500000,0.004697893,3387
bv,uv,NC_087108_1,3500001,4000000,0.008742221,7779
bv,uv,NC_087108_1,4000001,4500000,0.003050457,8607
bv,uv,NC_087108_1,4500001,5000000,0.008722297,9131
bv,uv,NC_087108_1,5000001,5500000,0.002854801,9090
bv,uv,NC_087108_1,5500001,6000000,0.001587763,10928
bv,uv,NC_087108_1,6000001,6500000,0.007107501,6692
bv,uv,NC_087108_1,6500001,7000000,-0.006715529,8393
bv,uv,NC_087108_1,7000001,7500000,0.013389218,12857
bv,uv,NC_087108_1,7500001,8000000,0.02173566,8832
bv,uv,NC_087108_1,8000001,8500000,0.005103233,12108
bv,uv,NC_087108_1,8500001,9000000,0.013252697,13069
bv,uv,NC_087108_1,9000001,9500000,0.002740264,8792
bv,uv,NC_087108_1,9500001,10000000,0.015425282,8056
bv,uv,NC_087108_1,10000001,10500000,0.000476453,7792
bv,uv,NC_087108_1,10500001,11000000,0.003735162,8195
bv,uv,NC_087108_1,11000001,11500000,-0.001834735,5253
bv,uv,NC_087108_1,11500001,12000000,0.007264112,8343
bv,uv,NC_087108_1,12000001,12500000,0.011735623,5744
bv,uv,NC_087108_1,12500001,13000000,0.002035285,5711
bv,uv,NC_087108_1,13000001,13500000,0.00210693,7341
bv,uv,NC_087108_1,13500001,14000000,0.009719703,6353
bv,uv,NC_087109_1,1,500000,0.00119123,3653
bv,uv,NC_087109_1,500001,1000000,0.000860055,3697
bv,uv,NC_087109_1,1000001,1500000,0.012879249,9614
bv,uv,NC_087109_1,1500001,2000000,0.011610161,7331
bv,uv,NC_087109_1,2000001,2500000,0.013100138,3383
bv,uv,NC_087109_1,2500001,3000000,0.012796986,5770
bv,uv,NC_087109_1,3000001,3500000,0.025632558,4664
bv,uv,NC_087109_1,3500001,4000000,0.010706398,11683
bv,uv,NC_087109_1,4000001,4500000,0.000145686,6951
bv,uv,NC_087109_1,4500001,5000000,-5.66E-05,6073
bv,uv,NC_087109_1,5000001,5500000,-0.0018805,6049
bv,uv,NC_087109_1,5500001,6000000,0.006034135,6768
bv,uv,NC_087109_1,6000001,6500000,0.004556167,7295
bv,uv,NC_087109_1,6500001,7000000,0.006429497,10602
bv,uv,NC_087109_1,7000001,7500000,-0.002658099,9559
bv,uv,NC_087109_1,7500001,8000000,0.004082221,6768
bv,uv,NC_087109_1,8000001,8500000,0.000431777,10017
bv,uv,NC_087109_1,8500001,9000000,0.007875839,5704
bv,uv,NC_087109_1,9000001,9500000,0.012181191,5634
bv,uv,NC_087109_1,9500001,10000000,0.000335085,5812
bv,uv,NC_087109_1,10000001,10500000,0.005182389,3260
bv,uv,NC_087109_1,10500001,11000000,-0.00608413,4517
bv,uv,NC_087109_1,11000001,11500000,0.009419967,7735
bv,uv,NC_087109_1,11500001,12000000,0.005412306,7470
bv,uv,NC_087109_1,12000001,12500000,0.013894602,6468
bv,uv,NC_087109_1,12500001,13000000,0.019002488,7317
bv,uv,NC_087109_1,13000001,13500000,0.027496839,5079
bv,uv,NC_087110_1,1,500000,0.008655213,7797
bv,uv,NC_087110_1,500001,1000000,0.007274865,5738
bv,uv,NC_087110_1,1000001,1500000,0.010037258,4026
bv,uv,NC_087110_1,1500001,2000000,0.007800752,2984
bv,uv,NC_087110_1,2000001,2500000,-0.002175789,6941
bv,uv,NC_087110_1,2500001,3000000,0.00320028,4374
bv,uv,NC_087110_1,3000001,3500000,0.000640635,4944
bv,uv,NC_087110_1,3500001,4000000,0.001271462,5805
bv,uv,NC_087110_1,4000001,4500000,0.003708978,4890
bv,uv,NC_087110_1,4500001,5000000,0.011166282,4670
bv,uv,NC_087110_1,5000001,5500000,0.005726573,6559
bv,uv,NC_087110_1,5500001,6000000,-0.003702137,7130
bv,uv,NC_087110_1,6000001,6500000,-0.00096098,7258
bv,uv,NC_087110_1,6500001,7000000,0.003742426,5702
bv,uv,NC_087110_1,7000001,7500000,0.004115013,4444
bv,uv,NC_087110_1,7500001,8000000,0.002064852,5802
bv,uv,NC_087110_1,8000001,8500000,0.016001772,4840
bv,uv,NC_087110_1,8500001,9000000,0.002515881,7787
bv,uv,NC_087110_1,9000001,9500000,0.005153053,7153
bv,uv,NC_087110_1,9500001,10000000,0.003048889,5909
bv,uv,NC_087110_1,10000001,10500000,0.000199605,7376
bv,uv,NC_087110_1,10500001,11000000,0.000701195,6580
bv,uv,NC_087110_1,11000001,11500000,0.007939046,4016
bv,uv,NC_087110_1,11500001,12000000,0.017705724,4151
bv,uv,NC_087110_1,12000001,12500000,0.005058831,8144
bv,uv,NC_087110_1,12500001,13000000,0.012104839,3018
bv,uv,NC_087111_1,1,500000,0.009000268,9952
bv,uv,NC_087111_1,500001,1000000,0.008312018,5754
bv,uv,NC_087111_1,1000001,1500000,0.011087837,5016
bv,uv,NC_087111_1,1500001,2000000,0.010221119,3613
bv,uv,NC_087111_1,2000001,2500000,0.012849579,2672
bv,uv,NC_087111_1,2500001,3000000,0.002532467,5575
bv,uv,NC_087111_1,3000001,3500000,0.007545074,9243
bv,uv,NC_087111_1,3500001,4000000,0.008681242,6900
bv,uv,NC_087111_1,4000001,4500000,0.003921172,8180
bv,uv,NC_087111_1,4500001,5000000,0.002924792,9250
bv,uv,NC_087111_1,5000001,5500000,0.01648632,5164
bv,uv,NC_087111_1,5500001,6000000,0.012150633,7570
bv,uv,NC_087111_1,6000001,6500000,0.008544886,7375
bv,uv,NC_087111_1,6500001,7000000,0.012156387,7809
bv,uv,NC_087111_1,7000001,7500000,-0.000963044,8157
bv,uv,NC_087111_1,7500001,8000000,-0.005808035,10862
bv,uv,NC_087111_1,8000001,8500000,-0.006623746,9052
bv,uv,NC_087111_1,8500001,9000000,0.00341601,4251
bv,uv,NC_087111_1,9000001,9500000,0.001654169,8900
bv,uv,NC_087111_1,9500001,10000000,0.001957549,5329
bv,uv,NC_087111_1,10000001,10500000,0.008116445,6098
bv,uv,NC_087111_1,10500001,11000000,0.003070102,6930
bv,uv,NC_087111_1,11000001,11500000,0.008546819,8509
bv,uv,NC_087111_1,11500001,12000000,0.009319662,8095
bv,uv,NC_087111_1,12000001,12500000,0.002830275,7249
bv,uv,NC_087111_1,12500001,13000000,0.172963475,168
bv,uv,NC_087112_1,1,500000,0.015818142,4858
bv,uv,NC_087112_1,500001,1000000,0.013188227,4576
bv,uv,NC_087112_1,1000001,1500000,0.001369045,8183
bv,uv,NC_087112_1,1500001,2000000,0.001705182,5645
bv,uv,NC_087112_1,2000001,2500000,0.015661476,5613
bv,uv,NC_087112_1,2500001,3000000,0.001270223,11384
bv,uv,NC_087112_1,3000001,3500000,0.012770228,4885
bv,uv,NC_087112_1,3500001,4000000,0.001606372,8501
bv,uv,NC_087112_1,4000001,4500000,0.00724165,12830
bv,uv,NC_087112_1,4500001,5000000,0.009153713,12390
bv,uv,NC_087112_1,5000001,5500000,0.004266119,9181
bv,uv,NC_087112_1,5500001,6000000,0.00103516,13106
bv,uv,NC_087112_1,6000001,6500000,-0.004512768,9901
bv,uv,NC_087112_1,6500001,7000000,0.007229253,12811
bv,uv,NC_087112_1,7000001,7500000,0.00299902,10182
bv,uv,NC_087112_1,7500001,8000000,0.006817362,11712
bv,uv,NC_087112_1,8000001,8500000,0.005173221,7586
bv,uv,NC_087112_1,8500001,9000000,-0.003707782,7922
bv,uv,NC_087112_1,9000001,9500000,0.00910433,7141
bv,uv,NC_087112_1,9500001,10000000,0.012609801,7947
bv,uv,NC_087112_1,10000001,10500000,0.010897085,7761
bv,uv,NC_087112_1,10500001,11000000,0.006490787,7649
bv,uv,NC_087112_1,11000001,11500000,0.001897501,6863
bv,uv,NC_087113_1,1,500000,0.003367196,3983
bv,uv,NC_087113_1,500001,1000000,0.008764405,4320
bv,uv,NC_087113_1,1000001,1500000,0.019690916,3900
bv,uv,NC_087113_1,1500001,2000000,0.000905674,5916
bv,uv,NC_087113_1,2000001,2500000,-0.002245971,5190
bv,uv,NC_087113_1,2500001,3000000,-0.00073275,9125
bv,uv,NC_087113_1,3000001,3500000,-0.001292405,11993
bv,uv,NC_087113_1,3500001,4000000,0.006171327,5775
bv,uv,NC_087113_1,4000001,4500000,0.012158675,5619
bv,uv,NC_087113_1,4500001,5000000,0.011172712,9850
bv,uv,NC_087113_1,5000001,5500000,0.01047443,6645
bv,uv,NC_087113_1,5500001,6000000,0.004636553,5265
bv,uv,NC_087113_1,6000001,6500000,0.011688419,4427
bv,uv,NC_087113_1,6500001,7000000,0.004679096,5505
bv,uv,NC_087113_1,7000001,7500000,0.002359441,2939
bv,uv,NC_087113_1,7500001,8000000,0.005473173,4291
bv,uv,NC_087113_1,8000001,8500000,0.009588771,6078
bv,uv,NC_087113_1,8500001,9000000,0.008127485,7310
bv,uv,NC_087113_1,9000001,9500000,0.001347515,5243
bv,uv,NC_087113_1,9500001,10000000,0.013078284,5690
bv,uv,NC_087113_1,10000001,10500000,-0.001379049,6517
bv,uv,NC_087113_1,10500001,11000000,-0.000416498,8311
bv,uv,NC_087113_1,11000001,11500000,-0.002991032,3058
bv,uv,NC_087114_1,1,500000,0.016091693,3793
bv,uv,NC_087114_1,500001,1000000,0.011556789,5814
bv,uv,NC_087114_1,1000001,1500000,0.009543592,6243
bv,uv,NC_087114_1,1500001,2000000,0.008290468,5212
bv,uv,NC_087114_1,2000001,2500000,0.009486593,6486
bv,uv,NC_087114_1,2500001,3000000,0.012012538,4398
bv,uv,NC_087114_1,3000001,3500000,-0.001700662,8289
bv,uv,NC_087114_1,3500001,4000000,0.004994378,3404
bv,uv,NC_087114_1,4000001,4500000,0.011493792,6767
bv,uv,NC_087114_1,4500001,5000000,0.00069034,5591
bv,uv,NC_087114_1,5000001,5500000,0.004218825,7903
bv,uv,NC_087114_1,5500001,6000000,0.018173165,4737
bv,uv,NC_087114_1,6000001,6500000,0.005411519,4383
bv,uv,NC_087114_1,6500001,7000000,0.002095698,4999
bv,uv,NC_087114_1,7000001,7500000,0.005156651,2593
bv,uv,NC_087114_1,7500001,8000000,0.003838585,5829
bv,uv,NC_087114_1,8000001,8500000,0.00288087,5833
bv,uv,NC_087114_1,8500001,9000000,0.004419636,4416
bv,uv,NC_087115_1,1,500000,0.014105487,4048
bv,uv,NC_087115_1,500001,1000000,0.017313911,4786
bv,uv,NC_087115_1,1000001,1500000,0.011123168,4374
bv,uv,NC_087115_1,1500001,2000000,0.006265415,4545
bv,uv,NC_087115_1,2000001,2500000,0.006287477,2788
bv,uv,NC_087115_1,2500001,3000000,0.007591715,3263
bv,uv,NC_087115_1,3000001,3500000,0.005216199,5057
bv,uv,NC_087115_1,3500001,4000000,0.006528683,4627
bv,uv,NC_087115_1,4000001,4500000,0.005719235,2591
bv,uv,NC_087115_1,4500001,5000000,0.01250633,5741
bv,uv,NC_087115_1,5000001,5500000,0.004268946,4157
bv,uv,NC_087115_1,5500001,6000000,0.010634473,2148
bv,uv,NC_087115_1,6000001,6500000,0.004497387,2253
bv,uv,NC_087115_1,6500001,7000000,-0.006213265,6032
bv,uv,NC_087115_1,7000001,7500000,0.002817378,4816
bv,uv,NC_087115_1,7500001,8000000,0.003904706,3195
bv,uv,NC_087115_1,8000001,8500000,-0.002146972,562
bv,uv,NC_087116_1,1,500000,-0.000292505,6443
bv,uv,NC_087116_1,500001,1000000,0.011166277,4369
bv,uv,NC_087116_1,1000001,1500000,-0.001830886,5151
bv,uv,NC_087116_1,1500001,2000000,0.010653338,5111
bv,uv,NC_087116_1,2000001,2500000,0.005024986,3724
bv,uv,NC_087116_1,2500001,3000000,0.008633581,1940
bv,uv,NC_087116_1,3000001,3500000,0.003456043,1970
bv,uv,NC_087116_1,3500001,4000000,0.001604975,6204
bv,uv,NC_087116_1,4000001,4500000,0.006123923,1719
bv,uv,NC_087116_1,4500001,5000000,0.013105459,3504
bv,uv,NC_087116_1,5000001,5500000,0.006743019,4266
bv,uv,NC_087116_1,5500001,6000000,0.003506419,2737
bv,uv,NC_087116_1,6000001,6500000,0.011636035,3332
bv,uv,NC_087116_1,6500001,7000000,-0.001000429,2856
bv,uv,NC_087116_1,7000001,7500000,0.003606887,4405
bv,uv,NC_087116_1,7500001,8000000,-0.002217178,1921
bv,uv,NC_087117_1,1,500000,0.004764017,4703
bv,uv,NC_087117_1,500001,1000000,0.026340363,2593
bv,uv,NC_087117_1,1000001,1500000,0.006356707,1566
bv,uv,NC_087117_1,1500001,2000000,0.009865141,2263
bv,uv,NC_087117_1,2000001,2500000,0.001839569,2571
bv,uv,NC_087117_1,2500001,3000000,0.018663799,9410
bv,uv,NC_087117_1,3000001,3500000,0.021998609,4554
bv,uv,NC_087117_1,3500001,4000000,0.007526746,3698
bv,uv,NC_087117_1,4000001,4500000,0.006147453,4079
bv,uv,NC_087117_1,4500001,5000000,0.004135244,3946
bv,uv,NC_087117_1,5000001,5500000,-0.001611329,4968
bv,uv,NC_087117_1,5500001,6000000,-0.003622175,5799
bv,uv,NC_087117_1,6000001,6500000,0.011540383,6694
bv,uv,NC_087117_1,6500001,7000000,0.003977581,3900
bv,uv,NC_087117_1,7000001,7500000,0.011494986,3648
bv,uv,NC_087118_1,1,500000,0.010081841,1040
bv,uv,NC_087118_1,500001,1000000,0.015246383,1261
bv,uv,NC_087118_1,1000001,1500000,0.016711145,931
bv,uv,NC_087118_1,1500001,2000000,0.036526981,680
bv,uv,NC_087118_1,2000001,2500000,0.018407454,804
bv,uv,NC_087118_1,2500001,3000000,0.015248876,990
bv,uv,NC_087118_1,3000001,3500000,0.010629717,615
bv,uv,NC_087118_1,3500001,4000000,0.015309124,492
bv,uv,NC_087118_1,4000001,4500000,0.015708931,815
bv,uv,NC_087118_1,4500001,5000000,0.016946347,610
bv,uv,NC_087118_1,5000001,5500000,0.01180513,1282
bv,uv,NC_087118_1,5500001,6000000,0.037568485,439
bv,uv,NC_087118_1,6000001,6500000,0.014809675,953
bv,uv,NC_087118_1,6500001,7000000,0.01547857,1004
bv,uv,NC_087118_1,7000001,7500000,0.0164298,922
bv,uv,NC_087118_1,7500001,8000000,0.007097641,836
bv,uv,NC_087118_1,8000001,8500000,0.000404243,1182
bv,uv,NC_087118_1,8500001,9000000,0.013738277,981
bv,uv,NC_087118_1,9000001,9500000,0.020371501,555
bv,uv,NC_087118_1,9500001,10000000,0.023519806,1218
bv,uv,NC_087118_1,10000001,10500000,0.032527756,778
bv,uv,NC_087118_1,10500001,11000000,0.016680968,1055
bv,uv,NC_087118_1,11000001,11500000,0.02760811,521
bv,uv,NC_087118_1,11500001,12000000,0.00973968,1445
bv,uv,NC_087118_1,12000001,12500000,0.022802564,742
bv,uv,NC_087119_1,1,500000,0.013632777,4359
bv,uv,NC_087119_1,500001,1000000,0.021880032,6242
bv,uv,NC_087119_1,1000001,1500000,0.011744237,4740
bv,uv,NC_087119_1,1500001,2000000,0.01171145,4431
bv,uv,NC_087119_1,2000001,2500000,0.069106945,3996
bv,uv,NC_087119_1,2500001,3000000,0.038172562,4469
bv,uv,NC_087119_1,3000001,3500000,0.068427736,4246
bv,uv,NC_087119_1,3500001,4000000,0.037617968,5474
bv,uv,NC_087119_1,4000001,4500000,0.230198744,5293
bv,uv,NC_087119_1,4500001,5000000,0.038357696,4069
bv,uv,NC_087119_1,5000001,5500000,0.03100435,4411
bv,uv,NC_087119_1,5500001,6000000,0.015532134,3822
bv,uv,NC_087119_1,6000001,6500000,0.036705224,4106
bv,uv,NC_087119_1,6500001,7000000,0.0582724,3701
bv,uv,NC_087119_1,7000001,7500000,0.052936573,3586
bv,uv,NC_087119_1,7500001,8000000,0.088434827,2879
bv,uv,NC_087119_1,8000001,8500000,0.066683477,3081
bv,uv,NC_087119_1,8500001,9000000,0.119184882,2071
bv,uv,NC_087119_1,9000001,9500000,0.147133984,3567
bv,uv,NC_087119_1,9500001,10000000,0.139746038,3471
bv,uv,NC_087119_1,10000001,10500000,0.145227396,2892
bv,uv,NC_087119_1,10500001,11000000,0.117927756,2461
bv,uv,NC_087119_1,11000001,11500000,0.055358621,2199
bv,uv,NC_087119_1,11500001,12000000,0.020758804,3204
bv,uv,NC_087119_1,12000001,12500000,0.009390313,3199
bv,uv,NC_087119_1,12500001,13000000,0.04913298,3065
bv,uv,NC_087119_1,13000001,13500000,0.018369158,3113
bv,uv,NC_087119_1,13500001,14000000,0.043791378,3570
bv,uv,NC_087119_1,14000001,14500000,0.005470809,1985
bv,uv,NC_087119_1,14500001,15000000,0.002742489,2536
bv,uv,NC_087119_1,15000001,15500000,0.029748543,2604
bv,uv,NC_087119_1,15500001,16000000,0.01004049,3033
bv,uv,NC_087119_1,16000001,16500000,0.016799774,3614
bv,uv,NC_087119_1,16500001,17000000,0.010918403,4287
bv,uv,NC_087119_1,17000001,17500000,0.010321263,3997
bv,uv,NC_087119_1,17500001,18000000,0.035377859,3178
bv,uv,NC_087119_1,18000001,18500000,0.019566484,3506
bv,uv,NC_087119_1,18500001,19000000,0.03858867,3175
bv,uv,NC_087119_1,19000001,19500000,0.020368059,3402
bv,uv,NC_087119_1,19500001,20000000,0.013694041,2908
bv,uv,NC_087119_1,20000001,20500000,0.038524422,5510
bv,uv,NC_087119_1,20500001,21000000,0.038367645,3334
bv,uv,NC_087119_1,21000001,21500000,0.016763304,2829
bv,uv,NC_087119_1,21500001,22000000,0.028873684,3172
bv,uv,NC_087119_1,22000001,22500000,0.036254627,2635
bv,uv,NC_087119_1,22500001,23000000,0.010550587,3958
bv,uv,NC_087119_1,23000001,23500000,0.036111191,2194
bv,uv,NC_087119_1,23500001,24000000,0.094619548,1888
bv,uv,NC_087119_1,24000001,24500000,0.038109427,3116
bv,uv,NC_087119_1,24500001,25000000,0.019570564,4753
bv,uv,NC_087119_1,25000001,25500000,0.03204129,3371
bv,uv,NC_087119_1,25500001,26000000,0.008590379,5386
bv,uv,NC_087119_1,26000001,26500000,0.05762196,3596
bv,uv,NC_087119_1,26500001,27000000,0.018731582,4199
bv,uv,NC_087119_1,27000001,27500000,0.027894347,3819
bv,uv,NC_087119_1,27500001,28000000,0.015071661,890
bv,uv,NW_026973566_1,1,500000,0.01653353,486
bv,uv,NW_026973566_1,500001,1000000,0.014365079,1039
bv,uv,NW_026973566_1,1000001,1500000,0.010386424,1316
bv,uv,NW_026973566_1,1500001,2000000,0.022024323,1510
bv,uv,NW_026973566_1,2000001,2500000,0.011506221,1888
bv,uv,NW_026973566_1,2500001,3000000,0.024371699,833
bv,uv,NW_026973566_1,3000001,3500000,0.017915555,801
bv,uv,NW_026973566_1,3500001,4000000,0.025949983,1439
bv,uv,NW_026973566_1,4000001,4500000,0.018562624,1018
bv,uv,NW_026973566_1,4500001,5000000,0.019613638,906
bv,uv,NW_026973567_1,1,500000,0.005597818,52
bv,uv,NW_026973569_1,1,500000,0.016906477,572
bv,uv,NW_026973570_1,1,500000,0.021510087,360
bv,uv,NW_026973571_1,1,500000,0.010508511,1263
bv,uv,NW_026973572_1,1,500000,0.006685291,688
bv,uv,NW_026973573_1,1,500000,0.013226494,883
bv,uv,NW_026973574_1,1,500000,0.025020267,59
bv,uv,NW_026973575_1,1,500000,0.019111476,104
bv,uv,NW_026973576_1,1,500000,0.018612629,28
bv,uv,NW_026973577_1,1,500000,0.269785306,33
bv,uv,NW_026973578_1,1,500000,0.159796292,124
bv,uv,NW_026973579_1,1,500000,0.000574472,97
bv,uv,NW_026973580_1,1,500000,0.294457044,33
bv,uv,NW_026973581_1,1,500000,0.018613805,61
bv,uv,NW_026973582_1,1,500000,0.00330588,160
bv,uv,NW_026973583_1,1,500000,0.261819573,215
bv,uv,NW_026973584_1,1,500000,0.162374399,21
bv,uv,NW_026973585_1,1,500000,0.13557187,10